7666333391,lnool
3001238914,zcaxf
6965760367,kbhyk
3026181122,zojmi
3434286233,jkifs
8552558080,lihjl
4946112429,ijmbz
7369995842,zepvq
6757467499,qvxib
1280111688,dyclu
3890307178,upjbb
3348323442,ntbgg
6488411679,gjvde
8576286975,jebmw
3186997703,uuwtx
4859437737,jvpwn
7437339164,qqhnv
2240929061,phzsj
6262300693,ppqee
9421963048,lgzcy
1295636817,ubljy
4283447265,dpymo
5557539881,dolqk
4200634074,ynajp
6115278072,fznbq
6051298250,ftiak
6771707319,jelex
1190123957,txyzd
3610306131,ovfjj
4830168983,pdkad
4314368898,inikx
3909919648,xjxfj
7123972294,ynbgc
9530563656,inebm
5153393396,vrukk
9155971784,axcst
1620153001,vigfb
8351781414,sbtgj
5299316591,xwbcg
2759172953,ofomm
5253094204,wktqd
7483037470,gohic
5887266086,wobxz
8756187078,iybvn
9864177801,hjpne
7444532418,bclqh
4308800352,cqqzv
1978878703,cscxo
8834494398,hpafm
6168498569,xbcpu
5294277766,goqzv
6521721848,pwfpz
5033927608,zcccg
2764729986,cwwba
1015951961,pkirz
5668837192,osfth
9447312619,cvcko
6849977218,vopiw
2691163774,xwcph
5548205523,nbvut
8991342817,lksft
6250590070,tohzv
2686061012,zzfnc
9730357601,vyaye
1139161798,esecs
8532565744,kvvkc
8263195424,jkkgw
2662179950,npotl
8378108305,qweji
6254346557,gyknm
6266883924,kkdne
3562986715,gtpxw
6097385506,dslxn
3953807042,azrkf
8765955621,yvknz
1083085058,llzyv
7598992127,hmcdf
4874520118,jtnia
4492018118,vklil
2703115059,kkjsc
7922001136,zlcal
8172046439,egmou
1426347191,lakgu
2505722752,tbawy
3285307578,jlnzp
4421137457,qkmrx
4052824530,lhzra
1294896200,mccgl
8376284716,vvhfw
6684709529,dcsdv
8909545578,tsqos
6133509235,qmqsb
8068368246,laarm
6023639587,ldtck
5889881795,rhzfa
3480874843,crnjq
8966221217,xcefl
3484583298,ghvzy
7258513280,qciyf
5405352281,ykqlr
